INSERT INTO Companies
VALUES
('7D68EED1-C890-4289-8618-4C0D43184C81','Укрпошта','АТ «Укрпошта» — єдиний національний оператор поштового зв’язку України. Мережа охоплює 100% території України (понад 27 000 населених пунктів, крім тимчасово окупованих). Ми надаємо поштові, логістичні, фінансові й торговельні послуги для приватних осіб та корпоративних клієнтів.
Засновником і акціонером АТ «Укрпошта» є держава в особі Міністерства інфраструктури України. Діяльність Укрпошти регламентується Законом України «Про поштовий зв’язок», іншими Законами України, а також нормативними актами Всесвітнього поштового союзу, членом якого Україна є з 1947 року.
Сьогодні до складу Укрпошти входять 24 регіональні філії, Дирекція оброблення та перевезення пошти й «Автотранспошта». Ми — одна з найбільших компаній України: майже 50 000 працівників щодня приймають, сортують, везуть, доставляють, організовують, аналізують та допомагають клієнтам.')

INSERT INTO Departments
VALUES
('D2C77634-675C-427E-8136-434AAE589E08', 'IT', '7D68EED1-C890-4289-8618-4C0D43184C81'),
('45340C0E-1974-42C5-A761-7406DE85A813', 'Finance', '7D68EED1-C890-4289-8618-4C0D43184C81'),
('DA2B77E6-32E7-4886-B8E5-B55380A90CCE', 'Analytics', '7D68EED1-C890-4289-8618-4C0D43184C81');


INSERT INTO Positions
VALUES
('C0E2229B-99DC-4F9C-B1A2-2551A3B22D6C', 'Business Intelligence Analyst', '45340C0E-1974-42C5-A761-7406DE85A813'),
('DED781E6-55A5-47B7-9931-4A8BA0E3D736', 'Budget Analyst', 'DA2B77E6-32E7-4886-B8E5-B55380A90CCE'),
('E0BA784A-5F22-4FDE-AD5B-7C9D91C9160F', 'Systems Administrator', 'D2C77634-675C-427E-8136-434AAE589E08'),
('5ABE1F1E-1952-4A5F-97A7-9D8531CADA9B', 'Auditor', 'DA2B77E6-32E7-4886-B8E5-B55380A90CCE'),
('069675E0-A3C1-4FEE-A95D-A6C0E2AC4B8B', 'Financial Analyst', '45340C0E-1974-42C5-A761-7406DE85A813'),
('D34C8C23-44B4-448A-B3AA-BD870BB37073', 'Data Analyst', '45340C0E-1974-42C5-A761-7406DE85A813'),
('E9B3EE9E-2DA9-4ACB-A8A7-E021917B1E36', 'Investment Analyst', 'DA2B77E6-32E7-4886-B8E5-B55380A90CCE'),
('32358A31-87AB-4DF1-9B1D-E46E3356CE98', 'Network Engineer', 'D2C77634-675C-427E-8136-434AAE589E08'),
('3288A85D-D334-4EBF-8B34-F6C004EDDBE3', 'Software Developer', 'D2C77634-675C-427E-8136-434AAE589E08');


INSERT INTO Cities
VALUES
('56BE8CDB-AFF3-4BE6-96E4-104649544E00', 'Mariupol'),
('0D68B3A1-513E-43CB-831E-245BADBB7CF7', 'Kyiv'),
('0ECAC4B7-1A37-4881-A080-2920C0274439', 'Mykolaiv'),
('EC217F72-7576-4D57-9C3C-385AE4289ED1', 'Dnipro'),
('02C0ED53-671D-41D3-BEC4-9D4B753C0237', 'Lviv'),
('BD278940-C2AC-402D-B311-A6D65963B3A9', 'Odesa'),
('8519DA3E-E878-4C2A-8EA2-B54F1E338E2C', 'Kharkiv'),
('D3B0AAE0-253A-4630-A09E-CE8A0711BA2C', 'Kryvyi Rih'),
('2B4F5D35-B222-425A-8D46-D9BB320BE1D3', 'Zaporizhzhia'),
('0F07A741-9A1D-4FF0-A8A8-E5AEFB8EF984', 'Donetsk');


INSERT INTO Addresses
VALUES
('294D5A2A-E604-46D2-8F52-281FF2EC96E3', 'вул. Соборна, б. 77', '0F07A741-9A1D-4FF0-A8A8-E5AEFB8EF984'),
('6D580DF0-CDE8-4710-AF63-2D988BD3EE53', 'вул. Грушевського, 24', 'EC217F72-7576-4D57-9C3C-385AE4289ED1'),
('3A14A742-CC62-4BB5-9620-734A265040C9', 'вул. Дерибасівська, б. 21', 'BD278940-C2AC-402D-B311-A6D65963B3A9'),
('73A7829A-A152-49E3-82F5-7F048326255E', 'вул. Бандери, б. 7, кв. 13', '02C0ED53-671D-41D3-BEC4-9D4B753C0237'),
('656FF2FC-6C4F-4B20-9396-9A02C2CAEFAD', 'вул. Соборна, б. 15, кв. 2', '0D68B3A1-513E-43CB-831E-245BADBB7CF7'),
('B0A1D20D-C13B-413D-9AC9-ADFB5EC95D55', 'вул. Незалежності, 3', 'D3B0AAE0-253A-4630-A09E-CE8A0711BA2C'),
('95C6A02F-2D45-43C8-B94F-C2D9174397BE', 'вул. Леонтовича, б. 38', '2B4F5D35-B222-425A-8D46-D9BB320BE1D3'),
('3614937A-9CF2-4AC7-8A39-E6BF9692DE66', 'просп. Гагаріна, б. 32, кв. 56', '8519DA3E-E878-4C2A-8EA2-B54F1E338E2C'),
('2CB6D37B-8007-4530-BD81-E71FC9E57D43', 'вул. Шевченка, б. 12, кв. 45', '02C0ED53-671D-41D3-BEC4-9D4B753C0237'),
('F2FACF6F-1E5E-41B8-B8BC-F42B8C2C2499', 'вулиця Солом`янська, 20', '0D68B3A1-513E-43CB-831E-245BADBB7CF7'),
('B073A992-05D5-4866-B51D-FD0126956B02', 'бульв. Шевченка, б. 55, кв. 94', 'EC217F72-7576-4D57-9C3C-385AE4289ED1');

INSERT INTO Employees
VALUES
('30C23B98-3D31-474F-9F38-1488ECC16E6A', '2020-02-16', 1000.00, 'E9B3EE9E-2DA9-4ACB-A8A7-E021917B1E36'),
('C4C4B74E-0CDF-47BF-817D-42A5C2BB8651', '2023-01-16', 2400.00, '3288A85D-D334-4EBF-8B34-F6C004EDDBE3'),
('B44F7F59-1070-44A6-9885-664C6F5089BE', '2023-08-02', 700.00, '069675E0-A3C1-4FEE-A95D-A6C0E2AC4B8B'),
('C2D8A25D-4DD1-4956-BE43-688C0591969D', '2023-11-29', 3400.00, 'E0BA784A-5F22-4FDE-AD5B-7C9D91C9160F'),
('F3E91059-1234-4D89-A754-705EAA122C9B', '2021-04-03', 1450.00, 'D34C8C23-44B4-448A-B3AA-BD870BB37073'),
('CB2487DA-38EE-4013-909B-82E4347FA050', '2024-02-14', 2100.00, 'C0E2229B-99DC-4F9C-B1A2-2551A3B22D6C'),
('580FB282-F5E0-4627-B927-8A16B83DEECA', '2024-02-13', 500.00, '3288A85D-D334-4EBF-8B34-F6C004EDDBE3'),
('00729840-00CB-4E95-930D-8CFD6E7EE67D', '2023-10-18', 1800.00, 'DED781E6-55A5-47B7-9931-4A8BA0E3D736'),
('1F35C85F-EC51-4040-928F-A084275C0780', '2022-06-04', 700.00, '5ABE1F1E-1952-4A5F-97A7-9D8531CADA9B'),
('E1D44B5D-2B94-4186-85F7-A6000115B8AA', '2018-08-21', 2400.00, '32358A31-87AB-4DF1-9B1D-E46E3356CE98'),
('ABD21A0B-A459-4E27-BADB-A937EDBEDA8B', '2023-11-30', 3100.00, 'C0E2229B-99DC-4F9C-B1A2-2551A3B22D6C');

INSERT INTO Persons
VALUES
('5E61CCC6-2018-4170-8D72-130DA95045D9', 'Іванова', 'Анна', 'Петрівна', '1989-12-04', '73A7829A-A152-49E3-82F5-7F048326255E', '1F35C85F-EC51-4040-928F-A084275C0780'),
('EB2AE23F-F715-46BA-8628-16681680B3B8', 'Морозов', 'Віталій', 'Анатолійович', '1993-06-26', '95C6A02F-2D45-43C8-B94F-C2D9174397BE', 'E1D44B5D-2B94-4186-85F7-A6000115B8AA'),
('98C411F6-8285-4375-A965-2810D6141B22', 'Козлова', 'Марія', 'Олександрівна', '1997-04-09', 'B073A992-05D5-4866-B51D-FD0126956B02', NULL),
('426F2DCE-5821-4A56-97D9-77647EF6587C', 'Сидоренко', 'Ігор', 'Миколайович', '2002-10-19', '3A14A742-CC62-4BB5-9620-734A265040C9', 'ABD21A0B-A459-4E27-BADB-A937EDBEDA8B'),
('3C7D6614-AB8C-44AB-A34D-96C95AC1AE89', 'Федоров', 'Олексій', 'Павлович', '1989-02-22', '6D580DF0-CDE8-4710-AF63-2D988BD3EE53', '30C23B98-3D31-474F-9F38-1488ECC16E6A'),
('E6DA16B4-359D-4A88-9643-A2E49C0A7C16', 'Лісовський', 'Вадим', 'Євгенійович', '2000-10-31', 'F2FACF6F-1E5E-41B8-B8BC-F42B8C2C2499', '580FB282-F5E0-4627-B927-8A16B83DEECA'),
('0352BA97-F007-4B03-AB3F-A64C7DFCC905', 'Foster', 'Alexandra', NULL, NULL, NULL, 'CB2487DA-38EE-4013-909B-82E4347FA050'),
('AED710CF-CEBB-4CA8-A6F8-C2B7EE3C7D93', 'Ковальчук', 'Максим', 'Сергійович', '2001-02-10', '3614937A-9CF2-4AC7-8A39-E6BF9692DE66', 'C4C4B74E-0CDF-47BF-817D-42A5C2BB8651'),
('1C165F98-8B00-487C-B4C8-C8D866CFE70E', 'Григоренко', 'Тетяна', 'Юріївна', '1996-09-22', '294D5A2A-E604-46D2-8F52-281FF2EC96E3', 'F3E91059-1234-4D89-A754-705EAA122C9B'),
('87C0C16B-D07E-4D15-9BD5-E4A41AF97ABC', 'Петренко', 'Олена', 'Володимирівна', '1991-07-23', '656FF2FC-6C4F-4B20-9396-9A02C2CAEFAD', 'B44F7F59-1070-44A6-9885-664C6F5089BE'),
('F16538F0-7B7B-40DB-8809-F7900C6C6B9D', 'Лисенко', 'Ольга', 'Іванівна', '1989-05-02', '2CB6D37B-8007-4530-BD81-E71FC9E57D43', '00729840-00CB-4E95-930D-8CFD6E7EE67D'),
('7A4D2233-AF78-407E-BB56-FDFD3227221B', 'Новіков', 'Денис', 'Васильович', '1987-08-09', 'B0A1D20D-C13B-413D-9AC9-ADFB5EC95D55', 'C2D8A25D-4DD1-4956-BE43-688C0591969D');

INSERT INTO Contacts
VALUES
('337EDE11-744B-4CF0-83E2-08E79C6F4109', '(098) 876-54-32', '98C411F6-8285-4375-A965-2810D6141B22'),
('3F6427FD-D0DB-4BFF-8720-0B3DC1A7FED8', '(096) 654-32-10', '7A4D2233-AF78-407E-BB56-FDFD3227221B'),
('F95594B4-0C81-46E9-A388-38CDCF0D0CFF', '(093) 345-67-89', 'F16538F0-7B7B-40DB-8809-F7900C6C6B9D'),
('98AD8915-091E-4D13-A0CE-462F79132EA7', '(095) 987-65-43', '5E61CCC6-2018-4170-8D72-130DA95045D9'),
('860A8206-EC08-4117-BDCA-57E514DAF97B', '(068) 456-78-90', '87C0C16B-D07E-4D15-9BD5-E4A41AF97ABC'),
('201B072D-016F-4F71-9079-7BAF68709BBC', '(099) 876-54-32', '3C7D6614-AB8C-44AB-A34D-96C95AC1AE89'),
('F4E284B4-7047-490A-B5D2-8452A441DEC7', '(067) 123-45-67', '1C165F98-8B00-487C-B4C8-C8D866CFE70E'),
('1ABC41F5-DC5F-4C9B-A384-908628C2979A', '(096) 654-15-57', 'EB2AE23F-F715-46BA-8628-16681680B3B8'),
('12437092-1383-4EB4-9078-9777A8C8F9AF', '(098) 497-17-79', 'E6DA16B4-359D-4A88-9643-A2E49C0A7C16'),
('40194AF6-3036-4CBF-BC6A-B4401391B4C3', '(097) 543-21-09', '426F2DCE-5821-4A56-97D9-77647EF6587C'),
('31291FF8-FD01-48C2-BDC4-FB55029770B5', '(066) 234-56-78', 'AED710CF-CEBB-4CA8-A6F8-C2B7EE3C7D93');




